,links
0,https://ca.indeed.com/jobs?q=data&l=canada
1,https://ca.indeed.com/jobs?q=junior+data+developer&l=canada
2,https://ca.indeed.com/jobs?q=business+data+analyst&l=canada
3,https://ca.indeed.com/jobs?q=statistician&l=canada
4,https://ca.indeed.com/jobs?q=big+data+engineer&l=canada
5,https://ca.indeed.com/jobs?q=data&l=canada&start=10
6,https://ca.indeed.com/jobs?q=data&l=canada&start=20
7,https://ca.indeed.com/jobs?q=data&l=canada&start=30
8,https://ca.indeed.com/jobs?q=data&l=canada&start=40
9,https://ca.indeed.com/jobs?q=data&l=canada&start=50
10,https://ca.indeed.com/jobs?q=data&l=canada&start=60
11,https://ca.indeed.com/jobs?q=data&l=canada&start=70
12,https://ca.indeed.com/jobs?q=data&l=canada&start=80
13,https://ca.indeed.com/jobs?q=data&l=canada&start=90
14,https://ca.indeed.com/jobs?q=data&l=canada&start=100
15,https://ca.indeed.com/jobs?q=data&l=canada&start=110
16,https://ca.indeed.com/jobs?q=data&l=canada&start=120
17,https://ca.indeed.com/jobs?q=data&l=canada&start=130
18,https://ca.indeed.com/jobs?q=data&l=canada&start=140
19,https://ca.indeed.com/jobs?q=data&l=canada&start=150
20,https://ca.indeed.com/jobs?q=data&l=canada&start=160
21,https://ca.indeed.com/jobs?q=data&l=canada&start=170
22,https://ca.indeed.com/jobs?q=data&l=canada&start=180
23,https://ca.indeed.com/jobs?q=data&l=canada&start=190
24,https://ca.indeed.com/jobs?q=data&l=canada&start=200
25,https://ca.indeed.com/jobs?q=data&l=canada&start=210
26,https://ca.indeed.com/jobs?q=data&l=canada&start=220
27,https://ca.indeed.com/jobs?q=data&l=canada&start=230
28,https://ca.indeed.com/jobs?q=data&l=canada&start=240
29,https://ca.indeed.com/jobs?q=data&l=canada&start=250
30,https://ca.indeed.com/jobs?q=data&l=canada&start=260
31,https://ca.indeed.com/jobs?q=data&l=canada&start=270
32,https://ca.indeed.com/jobs?q=data&l=canada&start=280
33,https://ca.indeed.com/jobs?q=data&l=canada&start=290
34,https://ca.indeed.com/jobs?q=data&l=canada&start=300
35,https://ca.indeed.com/jobs?q=data&l=canada&start=310
36,https://ca.indeed.com/jobs?q=data&l=canada&start=320
37,https://ca.indeed.com/jobs?q=data&l=canada&start=330
38,https://ca.indeed.com/jobs?q=data&l=canada&start=340
39,https://ca.indeed.com/jobs?q=data&l=canada&start=350
40,https://ca.indeed.com/jobs?q=data&l=canada&start=360
41,https://ca.indeed.com/jobs?q=data&l=canada&start=370
42,https://ca.indeed.com/jobs?q=data&l=canada&start=380
43,https://ca.indeed.com/jobs?q=data&l=canada&start=390
44,https://ca.indeed.com/jobs?q=data&l=canada&start=400
45,https://ca.indeed.com/jobs?q=data&l=canada&start=410
46,https://ca.indeed.com/jobs?q=data&l=canada&start=420
47,https://ca.indeed.com/jobs?q=data&l=canada&start=430
48,https://ca.indeed.com/jobs?q=data&l=canada&start=440
49,https://ca.indeed.com/jobs?q=data&l=canada&start=450
50,https://ca.indeed.com/jobs?q=data&l=canada&start=460
51,https://ca.indeed.com/jobs?q=data&l=canada&start=470
52,https://ca.indeed.com/jobs?q=data&l=canada&start=480
53,https://ca.indeed.com/jobs?q=data&l=canada&start=490
54,https://ca.indeed.com/jobs?q=data&l=canada&start=500
55,https://ca.indeed.com/jobs?q=data&l=canada&start=510
56,https://ca.indeed.com/jobs?q=data&l=canada&start=520
57,https://ca.indeed.com/jobs?q=data&l=canada&start=530
58,https://ca.indeed.com/jobs?q=data&l=canada&start=540
59,https://ca.indeed.com/jobs?q=data&l=canada&start=550
60,https://ca.indeed.com/jobs?q=data&l=canada&start=560
61,https://ca.indeed.com/jobs?q=data&l=canada&start=570
62,https://ca.indeed.com/jobs?q=data&l=canada&start=580
63,https://ca.indeed.com/jobs?q=data&l=canada&start=590
64,https://ca.indeed.com/jobs?q=data&l=canada&start=600
65,https://ca.indeed.com/jobs?q=data&l=canada&start=610
66,https://ca.indeed.com/jobs?q=data&l=canada&start=620
67,https://ca.indeed.com/jobs?q=data&l=canada&start=630
68,https://ca.indeed.com/jobs?q=data&l=canada&start=640
69,https://ca.indeed.com/jobs?q=data&l=canada&start=650
70,https://ca.indeed.com/jobs?q=data&l=canada&start=660
71,https://ca.indeed.com/jobs?q=data&l=canada&start=670
72,https://ca.indeed.com/jobs?q=data&l=canada&start=680
73,https://ca.indeed.com/jobs?q=data&l=canada&start=690
74,https://ca.indeed.com/jobs?q=data&l=canada&start=700
75,https://ca.indeed.com/jobs?q=data&l=canada&start=710
76,https://ca.indeed.com/jobs?q=data&l=canada&start=720
77,https://ca.indeed.com/jobs?q=data&l=canada&start=730
78,https://ca.indeed.com/jobs?q=data&l=canada&start=740
79,https://ca.indeed.com/jobs?q=data&l=canada&start=750
80,https://ca.indeed.com/jobs?q=data&l=canada&start=760
81,https://ca.indeed.com/jobs?q=data&l=canada&start=770
82,https://ca.indeed.com/jobs?q=data&l=canada&start=780
83,https://ca.indeed.com/jobs?q=data&l=canada&start=790
84,https://ca.indeed.com/jobs?q=data&l=canada&start=800
85,https://ca.indeed.com/jobs?q=data&l=canada&start=810
86,https://ca.indeed.com/jobs?q=data&l=canada&start=820
87,https://ca.indeed.com/jobs?q=data&l=canada&start=830
88,https://ca.indeed.com/jobs?q=data&l=canada&start=840
89,https://ca.indeed.com/jobs?q=data&l=canada&start=850
90,https://ca.indeed.com/jobs?q=data&l=canada&start=860
91,https://ca.indeed.com/jobs?q=data&l=canada&start=870
92,https://ca.indeed.com/jobs?q=data&l=canada&start=880
93,https://ca.indeed.com/jobs?q=data&l=canada&start=890
94,https://ca.indeed.com/jobs?q=data&l=canada&start=900
95,https://ca.indeed.com/jobs?q=data&l=canada&start=910
96,https://ca.indeed.com/jobs?q=data&l=canada&start=920
97,https://ca.indeed.com/jobs?q=data&l=canada&start=930
98,https://ca.indeed.com/jobs?q=data&l=canada&start=940
99,https://ca.indeed.com/jobs?q=data&l=canada&start=950
100,https://ca.indeed.com/jobs?q=data&l=canada&start=960
101,https://ca.indeed.com/jobs?q=data&l=canada&start=970
102,https://ca.indeed.com/jobs?q=data&l=canada&start=980
103,https://ca.indeed.com/jobs?q=data&l=canada&start=990
104,https://ca.indeed.com/jobs?q=data&l=canada&start=1000
105,https://ca.indeed.com/jobs?q=data&l=canada&start=1010
106,https://ca.indeed.com/jobs?q=data&l=canada&start=1020
107,https://ca.indeed.com/jobs?q=data&l=canada&start=1030
108,https://ca.indeed.com/jobs?q=data&l=canada&start=1040
109,https://ca.indeed.com/jobs?q=data&l=canada&start=1050
110,https://ca.indeed.com/jobs?q=data&l=canada&start=1060
111,https://ca.indeed.com/jobs?q=data&l=canada&start=1070
112,https://ca.indeed.com/jobs?q=data&l=canada&start=1080
113,https://ca.indeed.com/jobs?q=data&l=canada&start=1090
114,https://ca.indeed.com/jobs?q=data&l=canada&start=1100
115,https://ca.indeed.com/jobs?q=data&l=canada&start=1110
116,https://ca.indeed.com/jobs?q=data&l=canada&start=1120
117,https://ca.indeed.com/jobs?q=data&l=canada&start=1130
118,https://ca.indeed.com/jobs?q=data&l=canada&start=1140
119,https://ca.indeed.com/jobs?q=data&l=canada&start=1150
120,https://ca.indeed.com/jobs?q=data&l=canada&start=1160
121,https://ca.indeed.com/jobs?q=data&l=canada&start=1170
122,https://ca.indeed.com/jobs?q=data&l=canada&start=1180
123,https://ca.indeed.com/jobs?q=data&l=canada&start=1190
124,https://ca.indeed.com/jobs?q=data&l=canada&start=1200
125,https://ca.indeed.com/jobs?q=data&l=canada&start=1210
126,https://ca.indeed.com/jobs?q=data&l=canada&start=1220
127,https://ca.indeed.com/jobs?q=data&l=canada&start=1230
128,https://ca.indeed.com/jobs?q=data&l=canada&start=1240
129,https://ca.indeed.com/jobs?q=data&l=canada&start=1250
130,https://ca.indeed.com/jobs?q=data&l=canada&start=1260
131,https://ca.indeed.com/jobs?q=data&l=canada&start=1270
132,https://ca.indeed.com/jobs?q=data&l=canada&start=1280
133,https://ca.indeed.com/jobs?q=data&l=canada&start=1290
134,https://ca.indeed.com/jobs?q=data&l=canada&start=1300
135,https://ca.indeed.com/jobs?q=data&l=canada&start=1310
136,https://ca.indeed.com/jobs?q=data&l=canada&start=1320
137,https://ca.indeed.com/jobs?q=data&l=canada&start=1330
138,https://ca.indeed.com/jobs?q=data&l=canada&start=1340
139,https://ca.indeed.com/jobs?q=data&l=canada&start=1350
140,https://ca.indeed.com/jobs?q=data&l=canada&start=1360
141,https://ca.indeed.com/jobs?q=data&l=canada&start=1370
142,https://ca.indeed.com/jobs?q=data&l=canada&start=1380
143,https://ca.indeed.com/jobs?q=data&l=canada&start=1390
144,https://ca.indeed.com/jobs?q=data&l=canada&start=1400
145,https://ca.indeed.com/jobs?q=data&l=canada&start=1410
146,https://ca.indeed.com/jobs?q=data&l=canada&start=1420
147,https://ca.indeed.com/jobs?q=data&l=canada&start=1430
148,https://ca.indeed.com/jobs?q=data&l=canada&start=1440
149,https://ca.indeed.com/jobs?q=data&l=canada&start=1450
150,https://ca.indeed.com/jobs?q=data&l=canada&start=1460
151,https://ca.indeed.com/jobs?q=data&l=canada&start=1470
152,https://ca.indeed.com/jobs?q=data&l=canada&start=1480
153,https://ca.indeed.com/jobs?q=data&l=canada&start=1490
154,https://ca.indeed.com/jobs?q=data&l=canada&start=1500
155,https://ca.indeed.com/jobs?q=data&l=canada&start=1510
156,https://ca.indeed.com/jobs?q=data&l=canada&start=1520
157,https://ca.indeed.com/jobs?q=data&l=canada&start=1530
158,https://ca.indeed.com/jobs?q=data&l=canada&start=1540
159,https://ca.indeed.com/jobs?q=data&l=canada&start=1550
160,https://ca.indeed.com/jobs?q=data&l=canada&start=1560
161,https://ca.indeed.com/jobs?q=data&l=canada&start=1570
162,https://ca.indeed.com/jobs?q=data&l=canada&start=1580
163,https://ca.indeed.com/jobs?q=data&l=canada&start=1590
164,https://ca.indeed.com/jobs?q=data&l=canada&start=1600
165,https://ca.indeed.com/jobs?q=data&l=canada&start=1610
166,https://ca.indeed.com/jobs?q=data&l=canada&start=1620
167,https://ca.indeed.com/jobs?q=data&l=canada&start=1630
168,https://ca.indeed.com/jobs?q=data&l=canada&start=1640
169,https://ca.indeed.com/jobs?q=data&l=canada&start=1650
170,https://ca.indeed.com/jobs?q=data&l=canada&start=1660
171,https://ca.indeed.com/jobs?q=data&l=canada&start=1670
172,https://ca.indeed.com/jobs?q=data&l=canada&start=1680
173,https://ca.indeed.com/jobs?q=data&l=canada&start=1690
174,https://ca.indeed.com/jobs?q=data&l=canada&start=1700
175,https://ca.indeed.com/jobs?q=data&l=canada&start=1710
176,https://ca.indeed.com/jobs?q=data&l=canada&start=1720
177,https://ca.indeed.com/jobs?q=data&l=canada&start=1730
178,https://ca.indeed.com/jobs?q=data&l=canada&start=1740
179,https://ca.indeed.com/jobs?q=data&l=canada&start=1750
180,https://ca.indeed.com/jobs?q=data&l=canada&start=1760
181,https://ca.indeed.com/jobs?q=data&l=canada&start=1770
182,https://ca.indeed.com/jobs?q=data&l=canada&start=1780
183,https://ca.indeed.com/jobs?q=data&l=canada&start=1790
184,https://ca.indeed.com/jobs?q=data&l=canada&start=1800
185,https://ca.indeed.com/jobs?q=data&l=canada&start=1810
186,https://ca.indeed.com/jobs?q=data&l=canada&start=1820
187,https://ca.indeed.com/jobs?q=data&l=canada&start=1830
188,https://ca.indeed.com/jobs?q=data&l=canada&start=1840
189,https://ca.indeed.com/jobs?q=data&l=canada&start=1850
190,https://ca.indeed.com/jobs?q=data&l=canada&start=1860
191,https://ca.indeed.com/jobs?q=data&l=canada&start=1870
192,https://ca.indeed.com/jobs?q=data&l=canada&start=1880
193,https://ca.indeed.com/jobs?q=data&l=canada&start=1890
194,https://ca.indeed.com/jobs?q=data&l=canada&start=1900
195,https://ca.indeed.com/jobs?q=data&l=canada&start=1910
196,https://ca.indeed.com/jobs?q=data&l=canada&start=1920
197,https://ca.indeed.com/jobs?q=data&l=canada&start=1930
198,https://ca.indeed.com/jobs?q=data&l=canada&start=1940
199,https://ca.indeed.com/jobs?q=data&l=canada&start=1950
200,https://ca.indeed.com/jobs?q=data&l=canada&start=1960
201,https://ca.indeed.com/jobs?q=data&l=canada&start=1970
202,https://ca.indeed.com/jobs?q=data&l=canada&start=1980
203,https://ca.indeed.com/jobs?q=data&l=canada&start=1990
204,https://ca.indeed.com/jobs?q=data&l=canada&start=2000
205,https://ca.indeed.com/jobs?q=data&l=canada&start=2010
206,https://ca.indeed.com/jobs?q=data&l=canada&start=2020
207,https://ca.indeed.com/jobs?q=data&l=canada&start=2030
208,https://ca.indeed.com/jobs?q=data&l=canada&start=2040
209,https://ca.indeed.com/jobs?q=data&l=canada&start=2050
210,https://ca.indeed.com/jobs?q=data&l=canada&start=2060
211,https://ca.indeed.com/jobs?q=data&l=canada&start=2070
212,https://ca.indeed.com/jobs?q=data&l=canada&start=2080
213,https://ca.indeed.com/jobs?q=data&l=canada&start=2090
214,https://ca.indeed.com/jobs?q=data&l=canada&start=2100
215,https://ca.indeed.com/jobs?q=data&l=canada&start=2110
216,https://ca.indeed.com/jobs?q=data&l=canada&start=2120
217,https://ca.indeed.com/jobs?q=data&l=canada&start=2130
218,https://ca.indeed.com/jobs?q=data&l=canada&start=2140
219,https://ca.indeed.com/jobs?q=data&l=canada&start=2150
220,https://ca.indeed.com/jobs?q=data&l=canada&start=2160
221,https://ca.indeed.com/jobs?q=data&l=canada&start=2170
222,https://ca.indeed.com/jobs?q=data&l=canada&start=2180
223,https://ca.indeed.com/jobs?q=data&l=canada&start=2190
224,https://ca.indeed.com/jobs?q=data&l=canada&start=2200
225,https://ca.indeed.com/jobs?q=data&l=canada&start=2210
226,https://ca.indeed.com/jobs?q=data&l=canada&start=2220
227,https://ca.indeed.com/jobs?q=data&l=canada&start=2230
228,https://ca.indeed.com/jobs?q=data&l=canada&start=2240
229,https://ca.indeed.com/jobs?q=data&l=canada&start=2250
230,https://ca.indeed.com/jobs?q=data&l=canada&start=2260
231,https://ca.indeed.com/jobs?q=data&l=canada&start=2270
232,https://ca.indeed.com/jobs?q=data&l=canada&start=2280
233,https://ca.indeed.com/jobs?q=data&l=canada&start=2290
234,https://ca.indeed.com/jobs?q=data&l=canada&start=2300
235,https://ca.indeed.com/jobs?q=data&l=canada&start=2310
236,https://ca.indeed.com/jobs?q=data&l=canada&start=2320
237,https://ca.indeed.com/jobs?q=data&l=canada&start=2330
238,https://ca.indeed.com/jobs?q=data&l=canada&start=2340
239,https://ca.indeed.com/jobs?q=data&l=canada&start=2350
240,https://ca.indeed.com/jobs?q=data&l=canada&start=2360
241,https://ca.indeed.com/jobs?q=data&l=canada&start=2370
242,https://ca.indeed.com/jobs?q=data&l=canada&start=2380
243,https://ca.indeed.com/jobs?q=data&l=canada&start=2390
244,https://ca.indeed.com/jobs?q=data&l=canada&start=2400
245,https://ca.indeed.com/jobs?q=data&l=canada&start=2410
246,https://ca.indeed.com/jobs?q=data&l=canada&start=2420
247,https://ca.indeed.com/jobs?q=data&l=canada&start=2430
248,https://ca.indeed.com/jobs?q=data&l=canada&start=2440
249,https://ca.indeed.com/jobs?q=data&l=canada&start=2450
250,https://ca.indeed.com/jobs?q=data&l=canada&start=2460
251,https://ca.indeed.com/jobs?q=data&l=canada&start=2470
252,https://ca.indeed.com/jobs?q=data&l=canada&start=2480
253,https://ca.indeed.com/jobs?q=data&l=canada&start=2490
254,https://ca.indeed.com/jobs?q=data&l=canada&start=2500
255,https://ca.indeed.com/jobs?q=data&l=canada&start=2510
256,https://ca.indeed.com/jobs?q=data&l=canada&start=2520
257,https://ca.indeed.com/jobs?q=data&l=canada&start=2530
258,https://ca.indeed.com/jobs?q=data&l=canada&start=2540
259,https://ca.indeed.com/jobs?q=data&l=canada&start=2550
260,https://ca.indeed.com/jobs?q=data&l=canada&start=2560
261,https://ca.indeed.com/jobs?q=data&l=canada&start=2570
262,https://ca.indeed.com/jobs?q=data&l=canada&start=2580
263,https://ca.indeed.com/jobs?q=data&l=canada&start=2590
264,https://ca.indeed.com/jobs?q=data&l=canada&start=2600
265,https://ca.indeed.com/jobs?q=data&l=canada&start=2610
266,https://ca.indeed.com/jobs?q=data&l=canada&start=2620
267,https://ca.indeed.com/jobs?q=data&l=canada&start=2630
268,https://ca.indeed.com/jobs?q=data&l=canada&start=2640
269,https://ca.indeed.com/jobs?q=data&l=canada&start=2650
270,https://ca.indeed.com/jobs?q=data&l=canada&start=2660
271,https://ca.indeed.com/jobs?q=data&l=canada&start=2670
272,https://ca.indeed.com/jobs?q=data&l=canada&start=2680
273,https://ca.indeed.com/jobs?q=data&l=canada&start=2690
274,https://ca.indeed.com/jobs?q=data&l=canada&start=2700
275,https://ca.indeed.com/jobs?q=data&l=canada&start=2710
276,https://ca.indeed.com/jobs?q=data&l=canada&start=2720
277,https://ca.indeed.com/jobs?q=data&l=canada&start=2730
278,https://ca.indeed.com/jobs?q=data&l=canada&start=2740
279,https://ca.indeed.com/jobs?q=data&l=canada&start=2750
280,https://ca.indeed.com/jobs?q=data&l=canada&start=2760
281,https://ca.indeed.com/jobs?q=data&l=canada&start=2770
282,https://ca.indeed.com/jobs?q=data&l=canada&start=2780
283,https://ca.indeed.com/jobs?q=data&l=canada&start=2790
284,https://ca.indeed.com/jobs?q=data&l=canada&start=2800
285,https://ca.indeed.com/jobs?q=data&l=canada&start=2810
286,https://ca.indeed.com/jobs?q=data&l=canada&start=2820
287,https://ca.indeed.com/jobs?q=data&l=canada&start=2830
288,https://ca.indeed.com/jobs?q=data&l=canada&start=2840
289,https://ca.indeed.com/jobs?q=data&l=canada&start=2850
290,https://ca.indeed.com/jobs?q=data&l=canada&start=2860
291,https://ca.indeed.com/jobs?q=data&l=canada&start=2870
292,https://ca.indeed.com/jobs?q=data&l=canada&start=2880
293,https://ca.indeed.com/jobs?q=data&l=canada&start=2890
294,https://ca.indeed.com/jobs?q=data&l=canada&start=2900
295,https://ca.indeed.com/jobs?q=data&l=canada&start=2910
296,https://ca.indeed.com/jobs?q=data&l=canada&start=2920
297,https://ca.indeed.com/jobs?q=data&l=canada&start=2930
298,https://ca.indeed.com/jobs?q=data&l=canada&start=2940
299,https://ca.indeed.com/jobs?q=data&l=canada&start=2950
300,https://ca.indeed.com/jobs?q=data&l=canada&start=2960
301,https://ca.indeed.com/jobs?q=data&l=canada&start=2970
302,https://ca.indeed.com/jobs?q=data&l=canada&start=2980
303,https://ca.indeed.com/jobs?q=data&l=canada&start=2990
304,https://ca.indeed.com/jobs?q=junior+data+developer&l=canada&start=10
305,https://ca.indeed.com/jobs?q=junior+data+developer&l=canada&start=20
306,https://ca.indeed.com/jobs?q=junior+data+developer&l=canada&start=30
307,https://ca.indeed.com/jobs?q=junior+data+developer&l=canada&start=40
308,https://ca.indeed.com/jobs?q=junior+data+developer&l=canada&start=50
309,https://ca.indeed.com/jobs?q=junior+data+developer&l=canada&start=60
310,https://ca.indeed.com/jobs?q=junior+data+developer&l=canada&start=70
311,https://ca.indeed.com/jobs?q=junior+data+developer&l=canada&start=80
312,https://ca.indeed.com/jobs?q=junior+data+developer&l=canada&start=90
313,https://ca.indeed.com/jobs?q=junior+data+developer&l=canada&start=100
314,https://ca.indeed.com/jobs?q=junior+data+developer&l=canada&start=110
315,https://ca.indeed.com/jobs?q=junior+data+developer&l=canada&start=120
316,https://ca.indeed.com/jobs?q=junior+data+developer&l=canada&start=130
317,https://ca.indeed.com/jobs?q=junior+data+developer&l=canada&start=140
318,https://ca.indeed.com/jobs?q=junior+data+developer&l=canada&start=150
319,https://ca.indeed.com/jobs?q=junior+data+developer&l=canada&start=160
320,https://ca.indeed.com/jobs?q=junior+data+developer&l=canada&start=170
321,https://ca.indeed.com/jobs?q=junior+data+developer&l=canada&start=180
322,https://ca.indeed.com/jobs?q=junior+data+developer&l=canada&start=190
323,https://ca.indeed.com/jobs?q=junior+data+developer&l=canada&start=200
324,https://ca.indeed.com/jobs?q=junior+data+developer&l=canada&start=210
325,https://ca.indeed.com/jobs?q=junior+data+developer&l=canada&start=220
326,https://ca.indeed.com/jobs?q=junior+data+developer&l=canada&start=230
327,https://ca.indeed.com/jobs?q=junior+data+developer&l=canada&start=240
328,https://ca.indeed.com/jobs?q=junior+data+developer&l=canada&start=250
329,https://ca.indeed.com/jobs?q=junior+data+developer&l=canada&start=260
330,https://ca.indeed.com/jobs?q=junior+data+developer&l=canada&start=270
331,https://ca.indeed.com/jobs?q=junior+data+developer&l=canada&start=280
332,https://ca.indeed.com/jobs?q=junior+data+developer&l=canada&start=290
333,https://ca.indeed.com/jobs?q=junior+data+developer&l=canada&start=300
334,https://ca.indeed.com/jobs?q=junior+data+developer&l=canada&start=310
335,https://ca.indeed.com/jobs?q=junior+data+developer&l=canada&start=320
336,https://ca.indeed.com/jobs?q=junior+data+developer&l=canada&start=330
337,https://ca.indeed.com/jobs?q=junior+data+developer&l=canada&start=340
338,https://ca.indeed.com/jobs?q=junior+data+developer&l=canada&start=350
339,https://ca.indeed.com/jobs?q=junior+data+developer&l=canada&start=360
340,https://ca.indeed.com/jobs?q=junior+data+developer&l=canada&start=370
341,https://ca.indeed.com/jobs?q=junior+data+developer&l=canada&start=380
342,https://ca.indeed.com/jobs?q=junior+data+developer&l=canada&start=390
343,https://ca.indeed.com/jobs?q=business+data+analyst&l=canada&start=10
344,https://ca.indeed.com/jobs?q=business+data+analyst&l=canada&start=20
345,https://ca.indeed.com/jobs?q=business+data+analyst&l=canada&start=30
346,https://ca.indeed.com/jobs?q=business+data+analyst&l=canada&start=40
347,https://ca.indeed.com/jobs?q=business+data+analyst&l=canada&start=50
348,https://ca.indeed.com/jobs?q=business+data+analyst&l=canada&start=60
349,https://ca.indeed.com/jobs?q=business+data+analyst&l=canada&start=70
350,https://ca.indeed.com/jobs?q=business+data+analyst&l=canada&start=80
351,https://ca.indeed.com/jobs?q=business+data+analyst&l=canada&start=90
352,https://ca.indeed.com/jobs?q=business+data+analyst&l=canada&start=100
353,https://ca.indeed.com/jobs?q=business+data+analyst&l=canada&start=110
354,https://ca.indeed.com/jobs?q=business+data+analyst&l=canada&start=120
355,https://ca.indeed.com/jobs?q=business+data+analyst&l=canada&start=130
356,https://ca.indeed.com/jobs?q=business+data+analyst&l=canada&start=140
357,https://ca.indeed.com/jobs?q=business+data+analyst&l=canada&start=150
358,https://ca.indeed.com/jobs?q=business+data+analyst&l=canada&start=160
359,https://ca.indeed.com/jobs?q=business+data+analyst&l=canada&start=170
360,https://ca.indeed.com/jobs?q=business+data+analyst&l=canada&start=180
361,https://ca.indeed.com/jobs?q=business+data+analyst&l=canada&start=190
362,https://ca.indeed.com/jobs?q=business+data+analyst&l=canada&start=200
363,https://ca.indeed.com/jobs?q=business+data+analyst&l=canada&start=210
364,https://ca.indeed.com/jobs?q=business+data+analyst&l=canada&start=220
365,https://ca.indeed.com/jobs?q=business+data+analyst&l=canada&start=230
366,https://ca.indeed.com/jobs?q=business+data+analyst&l=canada&start=240
367,https://ca.indeed.com/jobs?q=business+data+analyst&l=canada&start=250
368,https://ca.indeed.com/jobs?q=business+data+analyst&l=canada&start=260
369,https://ca.indeed.com/jobs?q=business+data+analyst&l=canada&start=270
370,https://ca.indeed.com/jobs?q=business+data+analyst&l=canada&start=280
371,https://ca.indeed.com/jobs?q=business+data+analyst&l=canada&start=290
372,https://ca.indeed.com/jobs?q=business+data+analyst&l=canada&start=300
373,https://ca.indeed.com/jobs?q=business+data+analyst&l=canada&start=310
374,https://ca.indeed.com/jobs?q=business+data+analyst&l=canada&start=320
375,https://ca.indeed.com/jobs?q=business+data+analyst&l=canada&start=330
376,https://ca.indeed.com/jobs?q=business+data+analyst&l=canada&start=340
377,https://ca.indeed.com/jobs?q=business+data+analyst&l=canada&start=350
378,https://ca.indeed.com/jobs?q=business+data+analyst&l=canada&start=360
379,https://ca.indeed.com/jobs?q=business+data+analyst&l=canada&start=370
380,https://ca.indeed.com/jobs?q=business+data+analyst&l=canada&start=380
381,https://ca.indeed.com/jobs?q=business+data+analyst&l=canada&start=390
382,https://ca.indeed.com/jobs?q=business+data+analyst&l=canada&start=400
383,https://ca.indeed.com/jobs?q=business+data+analyst&l=canada&start=410
384,https://ca.indeed.com/jobs?q=business+data+analyst&l=canada&start=420
385,https://ca.indeed.com/jobs?q=business+data+analyst&l=canada&start=430
386,https://ca.indeed.com/jobs?q=business+data+analyst&l=canada&start=440
387,https://ca.indeed.com/jobs?q=business+data+analyst&l=canada&start=450
388,https://ca.indeed.com/jobs?q=business+data+analyst&l=canada&start=460
389,https://ca.indeed.com/jobs?q=business+data+analyst&l=canada&start=470
390,https://ca.indeed.com/jobs?q=business+data+analyst&l=canada&start=480
391,https://ca.indeed.com/jobs?q=business+data+analyst&l=canada&start=490
392,https://ca.indeed.com/jobs?q=business+data+analyst&l=canada&start=500
393,https://ca.indeed.com/jobs?q=business+data+analyst&l=canada&start=510
394,https://ca.indeed.com/jobs?q=business+data+analyst&l=canada&start=520
395,https://ca.indeed.com/jobs?q=business+data+analyst&l=canada&start=530
396,https://ca.indeed.com/jobs?q=business+data+analyst&l=canada&start=540
397,https://ca.indeed.com/jobs?q=business+data+analyst&l=canada&start=550
398,https://ca.indeed.com/jobs?q=business+data+analyst&l=canada&start=560
399,https://ca.indeed.com/jobs?q=business+data+analyst&l=canada&start=570
400,https://ca.indeed.com/jobs?q=business+data+analyst&l=canada&start=580
401,https://ca.indeed.com/jobs?q=business+data+analyst&l=canada&start=590
402,https://ca.indeed.com/jobs?q=business+data+analyst&l=canada&start=600
403,https://ca.indeed.com/jobs?q=business+data+analyst&l=canada&start=610
404,https://ca.indeed.com/jobs?q=business+data+analyst&l=canada&start=620
405,https://ca.indeed.com/jobs?q=business+data+analyst&l=canada&start=630
406,https://ca.indeed.com/jobs?q=business+data+analyst&l=canada&start=640
407,https://ca.indeed.com/jobs?q=business+data+analyst&l=canada&start=650
408,https://ca.indeed.com/jobs?q=business+data+analyst&l=canada&start=660
409,https://ca.indeed.com/jobs?q=business+data+analyst&l=canada&start=670
410,https://ca.indeed.com/jobs?q=business+data+analyst&l=canada&start=680
411,https://ca.indeed.com/jobs?q=business+data+analyst&l=canada&start=690
412,https://ca.indeed.com/jobs?q=business+data+analyst&l=canada&start=700
413,https://ca.indeed.com/jobs?q=business+data+analyst&l=canada&start=710
414,https://ca.indeed.com/jobs?q=business+data+analyst&l=canada&start=720
415,https://ca.indeed.com/jobs?q=business+data+analyst&l=canada&start=730
416,https://ca.indeed.com/jobs?q=business+data+analyst&l=canada&start=740
417,https://ca.indeed.com/jobs?q=business+data+analyst&l=canada&start=750
418,https://ca.indeed.com/jobs?q=business+data+analyst&l=canada&start=760
419,https://ca.indeed.com/jobs?q=business+data+analyst&l=canada&start=770
420,https://ca.indeed.com/jobs?q=business+data+analyst&l=canada&start=780
421,https://ca.indeed.com/jobs?q=business+data+analyst&l=canada&start=790
422,https://ca.indeed.com/jobs?q=business+data+analyst&l=canada&start=800
423,https://ca.indeed.com/jobs?q=business+data+analyst&l=canada&start=810
424,https://ca.indeed.com/jobs?q=business+data+analyst&l=canada&start=820
425,https://ca.indeed.com/jobs?q=business+data+analyst&l=canada&start=830
426,https://ca.indeed.com/jobs?q=business+data+analyst&l=canada&start=840
427,https://ca.indeed.com/jobs?q=business+data+analyst&l=canada&start=850
428,https://ca.indeed.com/jobs?q=business+data+analyst&l=canada&start=860
429,https://ca.indeed.com/jobs?q=business+data+analyst&l=canada&start=870
430,https://ca.indeed.com/jobs?q=business+data+analyst&l=canada&start=880
431,https://ca.indeed.com/jobs?q=business+data+analyst&l=canada&start=890
432,https://ca.indeed.com/jobs?q=business+data+analyst&l=canada&start=900
433,https://ca.indeed.com/jobs?q=business+data+analyst&l=canada&start=910
434,https://ca.indeed.com/jobs?q=business+data+analyst&l=canada&start=920
435,https://ca.indeed.com/jobs?q=business+data+analyst&l=canada&start=930
436,https://ca.indeed.com/jobs?q=business+data+analyst&l=canada&start=940
437,https://ca.indeed.com/jobs?q=business+data+analyst&l=canada&start=950
438,https://ca.indeed.com/jobs?q=business+data+analyst&l=canada&start=960
439,https://ca.indeed.com/jobs?q=business+data+analyst&l=canada&start=970
440,https://ca.indeed.com/jobs?q=business+data+analyst&l=canada&start=980
441,https://ca.indeed.com/jobs?q=business+data+analyst&l=canada&start=990
442,https://ca.indeed.com/jobs?q=business+data+analyst&l=canada&start=1000
443,https://ca.indeed.com/jobs?q=business+data+analyst&l=canada&start=1010
444,https://ca.indeed.com/jobs?q=business+data+analyst&l=canada&start=1020
445,https://ca.indeed.com/jobs?q=business+data+analyst&l=canada&start=1030
446,https://ca.indeed.com/jobs?q=business+data+analyst&l=canada&start=1040
447,https://ca.indeed.com/jobs?q=business+data+analyst&l=canada&start=1050
448,https://ca.indeed.com/jobs?q=business+data+analyst&l=canada&start=1060
449,https://ca.indeed.com/jobs?q=business+data+analyst&l=canada&start=1070
450,https://ca.indeed.com/jobs?q=business+data+analyst&l=canada&start=1080
451,https://ca.indeed.com/jobs?q=business+data+analyst&l=canada&start=1090
452,https://ca.indeed.com/jobs?q=business+data+analyst&l=canada&start=1100
453,https://ca.indeed.com/jobs?q=business+data+analyst&l=canada&start=1110
454,https://ca.indeed.com/jobs?q=business+data+analyst&l=canada&start=1120
455,https://ca.indeed.com/jobs?q=business+data+analyst&l=canada&start=1130
456,https://ca.indeed.com/jobs?q=business+data+analyst&l=canada&start=1140
457,https://ca.indeed.com/jobs?q=business+data+analyst&l=canada&start=1150
458,https://ca.indeed.com/jobs?q=business+data+analyst&l=canada&start=1160
459,https://ca.indeed.com/jobs?q=business+data+analyst&l=canada&start=1170
460,https://ca.indeed.com/jobs?q=business+data+analyst&l=canada&start=1180
461,https://ca.indeed.com/jobs?q=business+data+analyst&l=canada&start=1190
462,https://ca.indeed.com/jobs?q=business+data+analyst&l=canada&start=1200
463,https://ca.indeed.com/jobs?q=business+data+analyst&l=canada&start=1210
464,https://ca.indeed.com/jobs?q=business+data+analyst&l=canada&start=1220
465,https://ca.indeed.com/jobs?q=business+data+analyst&l=canada&start=1230
466,https://ca.indeed.com/jobs?q=business+data+analyst&l=canada&start=1240
467,https://ca.indeed.com/jobs?q=business+data+analyst&l=canada&start=1250
468,https://ca.indeed.com/jobs?q=business+data+analyst&l=canada&start=1260
469,https://ca.indeed.com/jobs?q=business+data+analyst&l=canada&start=1270
470,https://ca.indeed.com/jobs?q=business+data+analyst&l=canada&start=1280
471,https://ca.indeed.com/jobs?q=business+data+analyst&l=canada&start=1290
472,https://ca.indeed.com/jobs?q=business+data+analyst&l=canada&start=1300
473,https://ca.indeed.com/jobs?q=business+data+analyst&l=canada&start=1310
474,https://ca.indeed.com/jobs?q=business+data+analyst&l=canada&start=1320
475,https://ca.indeed.com/jobs?q=business+data+analyst&l=canada&start=1330
476,https://ca.indeed.com/jobs?q=business+data+analyst&l=canada&start=1340
477,https://ca.indeed.com/jobs?q=business+data+analyst&l=canada&start=1350
478,https://ca.indeed.com/jobs?q=business+data+analyst&l=canada&start=1360
479,https://ca.indeed.com/jobs?q=business+data+analyst&l=canada&start=1370
480,https://ca.indeed.com/jobs?q=business+data+analyst&l=canada&start=1380
481,https://ca.indeed.com/jobs?q=business+data+analyst&l=canada&start=1390
482,https://ca.indeed.com/jobs?q=business+data+analyst&l=canada&start=1400
483,https://ca.indeed.com/jobs?q=business+data+analyst&l=canada&start=1410
484,https://ca.indeed.com/jobs?q=business+data+analyst&l=canada&start=1420
485,https://ca.indeed.com/jobs?q=business+data+analyst&l=canada&start=1430
486,https://ca.indeed.com/jobs?q=business+data+analyst&l=canada&start=1440
487,https://ca.indeed.com/jobs?q=business+data+analyst&l=canada&start=1450
488,https://ca.indeed.com/jobs?q=business+data+analyst&l=canada&start=1460
489,https://ca.indeed.com/jobs?q=business+data+analyst&l=canada&start=1470
490,https://ca.indeed.com/jobs?q=business+data+analyst&l=canada&start=1480
491,https://ca.indeed.com/jobs?q=business+data+analyst&l=canada&start=1490
492,https://ca.indeed.com/jobs?q=business+data+analyst&l=canada&start=1500
493,https://ca.indeed.com/jobs?q=business+data+analyst&l=canada&start=1510
494,https://ca.indeed.com/jobs?q=business+data+analyst&l=canada&start=1520
495,https://ca.indeed.com/jobs?q=business+data+analyst&l=canada&start=1530
496,https://ca.indeed.com/jobs?q=business+data+analyst&l=canada&start=1540
497,https://ca.indeed.com/jobs?q=business+data+analyst&l=canada&start=1550
498,https://ca.indeed.com/jobs?q=business+data+analyst&l=canada&start=1560
499,https://ca.indeed.com/jobs?q=business+data+analyst&l=canada&start=1570
500,https://ca.indeed.com/jobs?q=business+data+analyst&l=canada&start=1580
501,https://ca.indeed.com/jobs?q=business+data+analyst&l=canada&start=1590
502,https://ca.indeed.com/jobs?q=business+data+analyst&l=canada&start=1600
503,https://ca.indeed.com/jobs?q=business+data+analyst&l=canada&start=1610
504,https://ca.indeed.com/jobs?q=business+data+analyst&l=canada&start=1620
505,https://ca.indeed.com/jobs?q=business+data+analyst&l=canada&start=1630
506,https://ca.indeed.com/jobs?q=business+data+analyst&l=canada&start=1640
507,https://ca.indeed.com/jobs?q=business+data+analyst&l=canada&start=1650
508,https://ca.indeed.com/jobs?q=business+data+analyst&l=canada&start=1660
509,https://ca.indeed.com/jobs?q=business+data+analyst&l=canada&start=1670
510,https://ca.indeed.com/jobs?q=business+data+analyst&l=canada&start=1680
511,https://ca.indeed.com/jobs?q=business+data+analyst&l=canada&start=1690
512,https://ca.indeed.com/jobs?q=business+data+analyst&l=canada&start=1700
513,https://ca.indeed.com/jobs?q=business+data+analyst&l=canada&start=1710
514,https://ca.indeed.com/jobs?q=business+data+analyst&l=canada&start=1720
515,https://ca.indeed.com/jobs?q=business+data+analyst&l=canada&start=1730
516,https://ca.indeed.com/jobs?q=business+data+analyst&l=canada&start=1740
517,https://ca.indeed.com/jobs?q=business+data+analyst&l=canada&start=1750
518,https://ca.indeed.com/jobs?q=business+data+analyst&l=canada&start=1760
519,https://ca.indeed.com/jobs?q=business+data+analyst&l=canada&start=1770
520,https://ca.indeed.com/jobs?q=business+data+analyst&l=canada&start=1780
521,https://ca.indeed.com/jobs?q=business+data+analyst&l=canada&start=1790
522,https://ca.indeed.com/jobs?q=business+data+analyst&l=canada&start=1800
523,https://ca.indeed.com/jobs?q=business+data+analyst&l=canada&start=1810
524,https://ca.indeed.com/jobs?q=business+data+analyst&l=canada&start=1820
525,https://ca.indeed.com/jobs?q=business+data+analyst&l=canada&start=1830
526,https://ca.indeed.com/jobs?q=business+data+analyst&l=canada&start=1840
527,https://ca.indeed.com/jobs?q=business+data+analyst&l=canada&start=1850
528,https://ca.indeed.com/jobs?q=business+data+analyst&l=canada&start=1860
529,https://ca.indeed.com/jobs?q=business+data+analyst&l=canada&start=1870
530,https://ca.indeed.com/jobs?q=business+data+analyst&l=canada&start=1880
531,https://ca.indeed.com/jobs?q=business+data+analyst&l=canada&start=1890
532,https://ca.indeed.com/jobs?q=business+data+analyst&l=canada&start=1900
533,https://ca.indeed.com/jobs?q=business+data+analyst&l=canada&start=1910
534,https://ca.indeed.com/jobs?q=business+data+analyst&l=canada&start=1920
535,https://ca.indeed.com/jobs?q=business+data+analyst&l=canada&start=1930
536,https://ca.indeed.com/jobs?q=business+data+analyst&l=canada&start=1940
537,https://ca.indeed.com/jobs?q=business+data+analyst&l=canada&start=1950
538,https://ca.indeed.com/jobs?q=business+data+analyst&l=canada&start=1960
539,https://ca.indeed.com/jobs?q=business+data+analyst&l=canada&start=1970
540,https://ca.indeed.com/jobs?q=business+data+analyst&l=canada&start=1980
541,https://ca.indeed.com/jobs?q=business+data+analyst&l=canada&start=1990
542,https://ca.indeed.com/jobs?q=business+data+analyst&l=canada&start=2000
543,https://ca.indeed.com/jobs?q=business+data+analyst&l=canada&start=2010
544,https://ca.indeed.com/jobs?q=business+data+analyst&l=canada&start=2020
545,https://ca.indeed.com/jobs?q=business+data+analyst&l=canada&start=2030
546,https://ca.indeed.com/jobs?q=business+data+analyst&l=canada&start=2040
547,https://ca.indeed.com/jobs?q=business+data+analyst&l=canada&start=2050
548,https://ca.indeed.com/jobs?q=business+data+analyst&l=canada&start=2060
549,https://ca.indeed.com/jobs?q=business+data+analyst&l=canada&start=2070
550,https://ca.indeed.com/jobs?q=business+data+analyst&l=canada&start=2080
551,https://ca.indeed.com/jobs?q=business+data+analyst&l=canada&start=2090
552,https://ca.indeed.com/jobs?q=business+data+analyst&l=canada&start=2100
553,https://ca.indeed.com/jobs?q=business+data+analyst&l=canada&start=2110
554,https://ca.indeed.com/jobs?q=business+data+analyst&l=canada&start=2120
555,https://ca.indeed.com/jobs?q=business+data+analyst&l=canada&start=2130
556,https://ca.indeed.com/jobs?q=business+data+analyst&l=canada&start=2140
557,https://ca.indeed.com/jobs?q=business+data+analyst&l=canada&start=2150
558,https://ca.indeed.com/jobs?q=business+data+analyst&l=canada&start=2160
559,https://ca.indeed.com/jobs?q=business+data+analyst&l=canada&start=2170
560,https://ca.indeed.com/jobs?q=business+data+analyst&l=canada&start=2180
561,https://ca.indeed.com/jobs?q=business+data+analyst&l=canada&start=2190
562,https://ca.indeed.com/jobs?q=business+data+analyst&l=canada&start=2200
563,https://ca.indeed.com/jobs?q=business+data+analyst&l=canada&start=2210
564,https://ca.indeed.com/jobs?q=business+data+analyst&l=canada&start=2220
565,https://ca.indeed.com/jobs?q=business+data+analyst&l=canada&start=2230
566,https://ca.indeed.com/jobs?q=business+data+analyst&l=canada&start=2240
567,https://ca.indeed.com/jobs?q=business+data+analyst&l=canada&start=2250
568,https://ca.indeed.com/jobs?q=business+data+analyst&l=canada&start=2260
569,https://ca.indeed.com/jobs?q=business+data+analyst&l=canada&start=2270
570,https://ca.indeed.com/jobs?q=business+data+analyst&l=canada&start=2280
571,https://ca.indeed.com/jobs?q=business+data+analyst&l=canada&start=2290
572,https://ca.indeed.com/jobs?q=business+data+analyst&l=canada&start=2300
573,https://ca.indeed.com/jobs?q=business+data+analyst&l=canada&start=2310
574,https://ca.indeed.com/jobs?q=business+data+analyst&l=canada&start=2320
575,https://ca.indeed.com/jobs?q=business+data+analyst&l=canada&start=2330
576,https://ca.indeed.com/jobs?q=business+data+analyst&l=canada&start=2340
577,https://ca.indeed.com/jobs?q=business+data+analyst&l=canada&start=2350
578,https://ca.indeed.com/jobs?q=business+data+analyst&l=canada&start=2360
579,https://ca.indeed.com/jobs?q=business+data+analyst&l=canada&start=2370
580,https://ca.indeed.com/jobs?q=business+data+analyst&l=canada&start=2380
581,https://ca.indeed.com/jobs?q=business+data+analyst&l=canada&start=2390
582,https://ca.indeed.com/jobs?q=business+data+analyst&l=canada&start=2400
583,https://ca.indeed.com/jobs?q=business+data+analyst&l=canada&start=2410
584,https://ca.indeed.com/jobs?q=business+data+analyst&l=canada&start=2420
585,https://ca.indeed.com/jobs?q=business+data+analyst&l=canada&start=2430
586,https://ca.indeed.com/jobs?q=business+data+analyst&l=canada&start=2440
587,https://ca.indeed.com/jobs?q=business+data+analyst&l=canada&start=2450
588,https://ca.indeed.com/jobs?q=business+data+analyst&l=canada&start=2460
589,https://ca.indeed.com/jobs?q=business+data+analyst&l=canada&start=2470
590,https://ca.indeed.com/jobs?q=business+data+analyst&l=canada&start=2480
591,https://ca.indeed.com/jobs?q=business+data+analyst&l=canada&start=2490
592,https://ca.indeed.com/jobs?q=business+data+analyst&l=canada&start=2500
593,https://ca.indeed.com/jobs?q=business+data+analyst&l=canada&start=2510
594,https://ca.indeed.com/jobs?q=business+data+analyst&l=canada&start=2520
595,https://ca.indeed.com/jobs?q=business+data+analyst&l=canada&start=2530
596,https://ca.indeed.com/jobs?q=business+data+analyst&l=canada&start=2540
597,https://ca.indeed.com/jobs?q=business+data+analyst&l=canada&start=2550
598,https://ca.indeed.com/jobs?q=business+data+analyst&l=canada&start=2560
599,https://ca.indeed.com/jobs?q=business+data+analyst&l=canada&start=2570
600,https://ca.indeed.com/jobs?q=business+data+analyst&l=canada&start=2580
601,https://ca.indeed.com/jobs?q=business+data+analyst&l=canada&start=2590
602,https://ca.indeed.com/jobs?q=business+data+analyst&l=canada&start=2600
603,https://ca.indeed.com/jobs?q=business+data+analyst&l=canada&start=2610
604,https://ca.indeed.com/jobs?q=business+data+analyst&l=canada&start=2620
605,https://ca.indeed.com/jobs?q=business+data+analyst&l=canada&start=2630
606,https://ca.indeed.com/jobs?q=business+data+analyst&l=canada&start=2640
607,https://ca.indeed.com/jobs?q=business+data+analyst&l=canada&start=2650
608,https://ca.indeed.com/jobs?q=business+data+analyst&l=canada&start=2660
609,https://ca.indeed.com/jobs?q=business+data+analyst&l=canada&start=2670
610,https://ca.indeed.com/jobs?q=business+data+analyst&l=canada&start=2680
611,https://ca.indeed.com/jobs?q=business+data+analyst&l=canada&start=2690
612,https://ca.indeed.com/jobs?q=business+data+analyst&l=canada&start=2700
613,https://ca.indeed.com/jobs?q=business+data+analyst&l=canada&start=2710
614,https://ca.indeed.com/jobs?q=business+data+analyst&l=canada&start=2720
615,https://ca.indeed.com/jobs?q=business+data+analyst&l=canada&start=2730
616,https://ca.indeed.com/jobs?q=business+data+analyst&l=canada&start=2740
617,https://ca.indeed.com/jobs?q=business+data+analyst&l=canada&start=2750
618,https://ca.indeed.com/jobs?q=business+data+analyst&l=canada&start=2760
619,https://ca.indeed.com/jobs?q=business+data+analyst&l=canada&start=2770
620,https://ca.indeed.com/jobs?q=business+data+analyst&l=canada&start=2780
621,https://ca.indeed.com/jobs?q=business+data+analyst&l=canada&start=2790
622,https://ca.indeed.com/jobs?q=business+data+analyst&l=canada&start=2800
623,https://ca.indeed.com/jobs?q=business+data+analyst&l=canada&start=2810
624,https://ca.indeed.com/jobs?q=business+data+analyst&l=canada&start=2820
625,https://ca.indeed.com/jobs?q=business+data+analyst&l=canada&start=2830
626,https://ca.indeed.com/jobs?q=business+data+analyst&l=canada&start=2840
627,https://ca.indeed.com/jobs?q=business+data+analyst&l=canada&start=2850
628,https://ca.indeed.com/jobs?q=business+data+analyst&l=canada&start=2860
629,https://ca.indeed.com/jobs?q=business+data+analyst&l=canada&start=2870
630,https://ca.indeed.com/jobs?q=business+data+analyst&l=canada&start=2880
631,https://ca.indeed.com/jobs?q=business+data+analyst&l=canada&start=2890
632,https://ca.indeed.com/jobs?q=business+data+analyst&l=canada&start=2900
633,https://ca.indeed.com/jobs?q=business+data+analyst&l=canada&start=2910
634,https://ca.indeed.com/jobs?q=business+data+analyst&l=canada&start=2920
635,https://ca.indeed.com/jobs?q=business+data+analyst&l=canada&start=2930
636,https://ca.indeed.com/jobs?q=business+data+analyst&l=canada&start=2940
637,https://ca.indeed.com/jobs?q=business+data+analyst&l=canada&start=2950
638,https://ca.indeed.com/jobs?q=business+data+analyst&l=canada&start=2960
639,https://ca.indeed.com/jobs?q=business+data+analyst&l=canada&start=2970
640,https://ca.indeed.com/jobs?q=business+data+analyst&l=canada&start=2980
641,https://ca.indeed.com/jobs?q=business+data+analyst&l=canada&start=2990
642,https://ca.indeed.com/jobs?q=big+data+engineer&l=canada&start=10
643,https://ca.indeed.com/jobs?q=big+data+engineer&l=canada&start=20
644,https://ca.indeed.com/jobs?q=big+data+engineer&l=canada&start=30
645,https://ca.indeed.com/jobs?q=big+data+engineer&l=canada&start=40
646,https://ca.indeed.com/jobs?q=big+data+engineer&l=canada&start=50
647,https://ca.indeed.com/jobs?q=big+data+engineer&l=canada&start=60
648,https://ca.indeed.com/jobs?q=big+data+engineer&l=canada&start=70
649,https://ca.indeed.com/jobs?q=big+data+engineer&l=canada&start=80
650,https://ca.indeed.com/jobs?q=big+data+engineer&l=canada&start=90
651,https://ca.indeed.com/jobs?q=big+data+engineer&l=canada&start=100
652,https://ca.indeed.com/jobs?q=big+data+engineer&l=canada&start=110
653,https://ca.indeed.com/jobs?q=big+data+engineer&l=canada&start=120
654,https://ca.indeed.com/jobs?q=big+data+engineer&l=canada&start=130
655,https://ca.indeed.com/jobs?q=big+data+engineer&l=canada&start=140
656,https://ca.indeed.com/jobs?q=big+data+engineer&l=canada&start=150
657,https://ca.indeed.com/jobs?q=big+data+engineer&l=canada&start=160
658,https://ca.indeed.com/jobs?q=big+data+engineer&l=canada&start=170
659,https://ca.indeed.com/jobs?q=big+data+engineer&l=canada&start=180
660,https://ca.indeed.com/jobs?q=big+data+engineer&l=canada&start=190
661,https://ca.indeed.com/jobs?q=big+data+engineer&l=canada&start=200
662,https://ca.indeed.com/jobs?q=big+data+engineer&l=canada&start=210
663,https://ca.indeed.com/jobs?q=big+data+engineer&l=canada&start=220
664,https://ca.indeed.com/jobs?q=big+data+engineer&l=canada&start=230
665,https://ca.indeed.com/jobs?q=big+data+engineer&l=canada&start=240
666,https://ca.indeed.com/jobs?q=big+data+engineer&l=canada&start=250
667,https://ca.indeed.com/jobs?q=big+data+engineer&l=canada&start=260
668,https://ca.indeed.com/jobs?q=big+data+engineer&l=canada&start=270
669,https://ca.indeed.com/jobs?q=big+data+engineer&l=canada&start=280
670,https://ca.indeed.com/jobs?q=big+data+engineer&l=canada&start=290
671,https://ca.indeed.com/jobs?q=big+data+engineer&l=canada&start=300
672,https://ca.indeed.com/jobs?q=big+data+engineer&l=canada&start=310
673,https://ca.indeed.com/jobs?q=big+data+engineer&l=canada&start=320
674,https://ca.indeed.com/jobs?q=big+data+engineer&l=canada&start=330
675,https://ca.indeed.com/jobs?q=big+data+engineer&l=canada&start=340
676,https://ca.indeed.com/jobs?q=big+data+engineer&l=canada&start=350
677,https://ca.indeed.com/jobs?q=big+data+engineer&l=canada&start=360
678,https://ca.indeed.com/jobs?q=big+data+engineer&l=canada&start=370
679,https://ca.indeed.com/jobs?q=big+data+engineer&l=canada&start=380
680,https://ca.indeed.com/jobs?q=big+data+engineer&l=canada&start=390
681,https://ca.indeed.com/jobs?q=big+data+engineer&l=canada&start=400
682,https://ca.indeed.com/jobs?q=big+data+engineer&l=canada&start=410
683,https://ca.indeed.com/jobs?q=big+data+engineer&l=canada&start=420
684,https://ca.indeed.com/jobs?q=big+data+engineer&l=canada&start=430
685,https://ca.indeed.com/jobs?q=big+data+engineer&l=canada&start=440
686,https://ca.indeed.com/jobs?q=big+data+engineer&l=canada&start=450
687,https://ca.indeed.com/jobs?q=big+data+engineer&l=canada&start=460
688,https://ca.indeed.com/jobs?q=big+data+engineer&l=canada&start=470
689,https://ca.indeed.com/jobs?q=big+data+engineer&l=canada&start=480
690,https://ca.indeed.com/jobs?q=big+data+engineer&l=canada&start=490
691,https://ca.indeed.com/jobs?q=big+data+engineer&l=canada&start=500
692,https://ca.indeed.com/jobs?q=big+data+engineer&l=canada&start=510
693,https://ca.indeed.com/jobs?q=big+data+engineer&l=canada&start=520
694,https://ca.indeed.com/jobs?q=big+data+engineer&l=canada&start=530
695,https://ca.indeed.com/jobs?q=big+data+engineer&l=canada&start=540
696,https://ca.indeed.com/jobs?q=big+data+engineer&l=canada&start=550
697,https://ca.indeed.com/jobs?q=big+data+engineer&l=canada&start=560
698,https://ca.indeed.com/jobs?q=big+data+engineer&l=canada&start=570
699,https://ca.indeed.com/jobs?q=big+data+engineer&l=canada&start=580
700,https://ca.indeed.com/jobs?q=big+data+engineer&l=canada&start=590
701,https://ca.indeed.com/jobs?q=big+data+engineer&l=canada&start=600
702,https://ca.indeed.com/jobs?q=big+data+engineer&l=canada&start=610
703,https://ca.indeed.com/jobs?q=big+data+engineer&l=canada&start=620
704,https://ca.indeed.com/jobs?q=big+data+engineer&l=canada&start=630
705,https://ca.indeed.com/jobs?q=big+data+engineer&l=canada&start=640
706,https://ca.indeed.com/jobs?q=big+data+engineer&l=canada&start=650
707,https://ca.indeed.com/jobs?q=big+data+engineer&l=canada&start=660
708,https://ca.indeed.com/jobs?q=big+data+engineer&l=canada&start=670
709,https://ca.indeed.com/jobs?q=big+data+engineer&l=canada&start=680
710,https://ca.indeed.com/jobs?q=big+data+engineer&l=canada&start=690
711,https://ca.indeed.com/jobs?q=big+data+engineer&l=canada&start=700
712,https://ca.indeed.com/jobs?q=big+data+engineer&l=canada&start=710
713,https://ca.indeed.com/jobs?q=big+data+engineer&l=canada&start=720
714,https://ca.indeed.com/jobs?q=big+data+engineer&l=canada&start=730
715,https://ca.indeed.com/jobs?q=big+data+engineer&l=canada&start=740
716,https://ca.indeed.com/jobs?q=big+data+engineer&l=canada&start=750
717,https://ca.indeed.com/jobs?q=big+data+engineer&l=canada&start=760
718,https://ca.indeed.com/jobs?q=big+data+engineer&l=canada&start=770
719,https://ca.indeed.com/jobs?q=big+data+engineer&l=canada&start=780
720,https://ca.indeed.com/jobs?q=big+data+engineer&l=canada&start=790
721,https://ca.indeed.com/jobs?q=big+data+engineer&l=canada&start=800
722,https://ca.indeed.com/jobs?q=big+data+engineer&l=canada&start=810
723,https://ca.indeed.com/jobs?q=big+data+engineer&l=canada&start=820
724,https://ca.indeed.com/jobs?q=big+data+engineer&l=canada&start=830
725,https://ca.indeed.com/jobs?q=big+data+engineer&l=canada&start=840
726,https://ca.indeed.com/jobs?q=big+data+engineer&l=canada&start=850
727,https://ca.indeed.com/jobs?q=big+data+engineer&l=canada&start=860
728,https://ca.indeed.com/jobs?q=big+data+engineer&l=canada&start=870
729,https://ca.indeed.com/jobs?q=big+data+engineer&l=canada&start=880
730,https://ca.indeed.com/jobs?q=big+data+engineer&l=canada&start=890
731,https://ca.indeed.com/jobs?q=big+data+engineer&l=canada&start=900
732,https://ca.indeed.com/jobs?q=big+data+engineer&l=canada&start=910
733,https://ca.indeed.com/jobs?q=big+data+engineer&l=canada&start=920
734,https://ca.indeed.com/jobs?q=big+data+engineer&l=canada&start=930
735,https://ca.indeed.com/jobs?q=big+data+engineer&l=canada&start=940
736,https://ca.indeed.com/jobs?q=big+data+engineer&l=canada&start=950
737,https://ca.indeed.com/jobs?q=big+data+engineer&l=canada&start=960
738,https://ca.indeed.com/jobs?q=big+data+engineer&l=canada&start=970
739,https://ca.indeed.com/jobs?q=big+data+engineer&l=canada&start=980
740,https://ca.indeed.com/jobs?q=big+data+engineer&l=canada&start=990
